barcode,raw_clonotype_id
ACACCAAAGGTGATTA,clonotype7
ACAGCTAAGACATAAC,clonotype433
ACGTCAAAGTGTACGG,clonotype16
AGAATAGTCATGTGGT,clonotype344
AGCCTAACACCATGTA,clonotype410
AGTGTCAGTACAGTTC,clonotype401
AGTTGGTGTGGTGTAG,clonotype70
ATCACGACAGCTGTTA,clonotype325
ATCGAGTCATATACCG,clonotype595
ATCGAGTTCCCGGATG,clonotype1014
CAACTAGTCATCTGCC,clonotype314
CAAGGCCTCGCTTAGA,clonotype470
CAAGTTGCACAGATTC,clonotype298
CAGCGACCATGAGCGA,clonotype452
CATCCACAGGGCATGT,clonotype516
CATTCGCCAGCTGTAT,clonotype487
CCAGCGAAGAACTCGG,clonotype644
CCATTCGGTACTTAGC,clonotype917
CCGTTCATCCATTCTA,clonotype361
CGGAGCTTCAGTCCCT,clonotype1824
CTCTACGCATGCAATC,clonotype819
CTGCCTAGTACGCACC,clonotype353
CTTCTCTCACTGTGTA,clonotype470
GACTAACAGGATGTAT,clonotype131
GAGTCCGCAGTTCATG,clonotype57
GATCAGTTCTTAGAGC,clonotype702
GATGAAATCTGACCTC,clonotype357
GCATGCGTCACTTACT,clonotype359
GCATGTATCTGGAGCC,clonotype241
GCGGGTTAGCCCAGCT,clonotype2379
GGCTCGACACCGGAAA,clonotype324
GGGAATGCAAAGCGGT,clonotype541
GGGATGATCCTTTCGG,clonotype165
GGGTTGCTCACATAGC,clonotype311
GTAACGTTCATCTGTT,clonotype759
GTCAAGTGTTCCATGA,clonotype64
GTCACAATCCAGTATG,clonotype2166
GTGAAGGAGTCTTGCA,clonotype542
GTGCGGTAGTGTTGAA,clonotype224
TAAGAGATCCCTGACT,clonotype148
TATCAGGTCGTAGATC,clonotype131
TATCTCAAGCCTTGAT,clonotype353
TCAGCAATCGTTACAG,clonotype541
TCAGGATTCCTAGTGA,clonotype422
TCATTACCATTCCTGC,clonotype883
TCGTAGAAGTCTCCTC,clonotype191
TCTGGAATCGCAGGCT,clonotype693
TGACTTTCAATTCCTT,clonotype284
TGAGAGGCACCTCGTT,clonotype29
TGCTACCTCCTTGCCA,clonotype394
TTAACTCTCTTTACGT,clonotype729
TTCGAAGGTATAATGG,clonotype29
TTGACTTGTTCCAACA,clonotype150
TTGGAACAGTTAGCGG,clonotype20
TTGGCAATCGTTGACA,clonotype470
TTTACTGCAATGCCAT,clonotype1027
